{
  "current": {
    "id": "genome-mqu9ifp3-d1pz1k",
    "generation": 1,
    "genes": {
      "nurseFraction": 0.4931376852909622,
      "digFraction": 0.14126981736388655,
      "queenRearBias": 0.665311715556774,
      "forageSpread": 0.3775134985662151,
      "spiderAttackStorage": 7.305823028020334,
      "layReserve": 20.990076907158112,
      "refuelThreshold": 421.5443921148311,
      "spiderAvoid": 7.538274970816204
    }
  },
  "best": null,
  "bestFitness": 0,
  "archive": [],
  "generationsRun": 0
}