{
  "current": {
    "id": "genome-mqrv65sl-1vumsi",
    "generation": 3,
    "genes": {
      "nurseFraction": 0.5552119502516721,
      "forageSpread": 0.3561007744150405,
      "spiderAttackStorage": 8.899251963426332,
      "layReserve": 21.44350943475327,
      "refuelThreshold": 343.06282192742003,
      "spiderAvoid": 6.592500962788654
    }
  },
  "best": {
    "id": "genome-mqrux4zf-uyw5vq",
    "generation": 1,
    "genes": {
      "nurseFraction": 0.575499717012007,
      "forageSpread": 0.3721045125783109,
      "spiderAttackStorage": 4.921876807786785,
      "layReserve": 22.168573191005994,
      "refuelThreshold": 402.2575963120674,
      "spiderAvoid": 7.5283284205327154
    }
  },
  "bestFitness": 8033.36875,
  "archive": [
    {
      "genome": {
        "id": "genome-mqrux4zf-uyw5vq",
        "generation": 1,
        "genes": {
          "nurseFraction": 0.575499717012007,
          "forageSpread": 0.3721045125783109,
          "spiderAttackStorage": 4.921876807786785,
          "layReserve": 22.168573191005994,
          "refuelThreshold": 402.2575963120674,
          "spiderAvoid": 7.5283284205327154
        }
      },
      "fitness": 8033.36875
    },
    {
      "genome": {
        "id": "genome-mqruzywz-stqf62",
        "generation": 2,
        "genes": {
          "nurseFraction": 0.5510638382297067,
          "forageSpread": 0.421039855184148,
          "spiderAttackStorage": 11.58090562786449,
          "layReserve": 23.155312361831715,
          "refuelThreshold": 383.5867766062375,
          "spiderAvoid": 7.297203439098876
        }
      },
      "fitness": 1927.6572890025575
    },
    {
      "genome": {
        "id": "genome-mqrv5pxe-m772hw",
        "generation": 2,
        "genes": {
          "nurseFraction": 0.5398388556007371,
          "forageSpread": 0.42987433838960093,
          "spiderAttackStorage": 9.073440914331059,
          "layReserve": 25.014575630229757,
          "refuelThreshold": 361.6363813571356,
          "spiderAvoid": 8.178029320975426
        }
      },
      "fitness": 1055.2629934210527
    },
    {
      "genome": {
        "id": "genome-mqrv1tj0-yjfpmz",
        "generation": 2,
        "genes": {
          "nurseFraction": 0.5264132025127475,
          "forageSpread": 0.3618628345836129,
          "spiderAttackStorage": 9.51904468972446,
          "layReserve": 20.45401493599076,
          "refuelThreshold": 405.10729007472014,
          "spiderAvoid": 6.77805487861691
        }
      },
      "fitness": 832.3326273323248
    },
    {
      "genome": {
        "id": "genome-mqrv1srq-ag90uy",
        "generation": 2,
        "genes": {
          "nurseFraction": 0.6,
          "forageSpread": 0.3636938578584376,
          "spiderAttackStorage": 9.757329516100068,
          "layReserve": 26.585058091283052,
          "refuelThreshold": 409.0289755272475,
          "spiderAvoid": 7.970235119484667
        }
      },
      "fitness": 385.2139954853273
    },
    {
      "genome": {
        "id": "genome-mqrv1sf6-ibkbtd",
        "generation": 2,
        "genes": {
          "nurseFraction": 0.5714537397671566,
          "forageSpread": 0.2973113056763421,
          "spiderAttackStorage": 13.083119046789616,
          "layReserve": 24.886212280187262,
          "refuelThreshold": 373.7153801673254,
          "spiderAvoid": 7.070717743402887
        }
      },
      "fitness": 262.8735426008969
    }
  ],
  "generationsRun": 86
}