{
  "current": {
    "id": "genome-mqsx27oh-tua4ki",
    "generation": 3,
    "genes": {
      "nurseFraction": 0.5099593834501599,
      "digFraction": 0.12275513627708205,
      "queenRearBias": 0.7362737740169906,
      "forageSpread": 0.3472964587273504,
      "spiderAttackStorage": 7.839418100645642,
      "layReserve": 16.04557598420642,
      "refuelThreshold": 462.6119595092305,
      "spiderAvoid": 6.36176793576533
    }
  },
  "best": {
    "id": "genome-mqswzgii-4e189e",
    "generation": 2,
    "genes": {
      "nurseFraction": 0.5564285081662556,
      "digFraction": 0.12273858447833948,
      "queenRearBias": 0.6534820476162249,
      "forageSpread": 0.34302574258296814,
      "spiderAttackStorage": 5.366466695054263,
      "layReserve": 19.78506652309977,
      "refuelThreshold": 411.5654256402808,
      "spiderAvoid": 6.444655902956448
    }
  },
  "bestFitness": 5247.3891590549865,
  "archive": [
    {
      "genome": {
        "id": "genome-mqswzgii-4e189e",
        "generation": 2,
        "genes": {
          "nurseFraction": 0.5564285081662556,
          "digFraction": 0.12273858447833948,
          "queenRearBias": 0.6534820476162249,
          "forageSpread": 0.34302574258296814,
          "spiderAttackStorage": 5.366466695054263,
          "layReserve": 19.78506652309977,
          "refuelThreshold": 411.5654256402808,
          "spiderAvoid": 6.444655902956448
        }
      },
      "fitness": 5247.3891590549865
    },
    {
      "genome": {
        "id": "genome-mqswyng1-vgjnn5",
        "generation": 1,
        "genes": {
          "nurseFraction": 0.5231457272015334,
          "digFraction": 0.1651895491592303,
          "queenRearBias": 0.5398600084394097,
          "forageSpread": 0.3569331093568292,
          "spiderAttackStorage": 1.2518675232432175,
          "layReserve": 20.664959070603143,
          "refuelThreshold": 424.73159935994966,
          "spiderAvoid": 7.132088420356647
        }
      },
      "fitness": 2538.836878173468
    }
  ],
  "generationsRun": 2
}