{
  "current": {
    "id": "genome-mqtn8ro0-yhok47",
    "generation": 1,
    "genes": {
      "nurseFraction": 0.46581930291848594,
      "digFraction": 0.14386939455372985,
      "queenRearBias": 0.5327370144066674,
      "forageSpread": 0.37770487471436043,
      "spiderAttackStorage": 4.8505870951329095,
      "layReserve": 21.745966946059507,
      "refuelThreshold": 431.0947804495534,
      "spiderAvoid": 7.370055348569649
    }
  },
  "best": null,
  "bestFitness": 0,
  "archive": [],
  "generationsRun": 0
}