{
  "current": {
    "id": "genome-mqrv8em7-9duwjf",
    "generation": 2,
    "genes": {
      "nurseFraction": 0.5077462508867588,
      "forageSpread": 0.36222909040006895,
      "spiderAttackStorage": 0,
      "layReserve": 26.21323889200084,
      "refuelThreshold": 351.03803068433047,
      "spiderAvoid": 6.869843917419282
    }
  },
  "best": {
    "id": "genome-mqrv6hqr-pfh0mr",
    "generation": 2,
    "genes": {
      "nurseFraction": 0.5267816711552248,
      "forageSpread": 0.3031671166094988,
      "spiderAttackStorage": 11.11338079724175,
      "layReserve": 19.798950888425807,
      "refuelThreshold": 354.26357854577935,
      "spiderAvoid": 8.437955123510104
    }
  },
  "bestFitness": 8943.01875,
  "archive": [
    {
      "genome": {
        "id": "genome-mqrv6hqr-pfh0mr",
        "generation": 2,
        "genes": {
          "nurseFraction": 0.5267816711552248,
          "forageSpread": 0.3031671166094988,
          "spiderAttackStorage": 11.11338079724175,
          "layReserve": 19.798950888425807,
          "refuelThreshold": 354.26357854577935,
          "spiderAvoid": 8.437955123510104
        }
      },
      "fitness": 8943.01875
    },
    {
      "genome": {
        "id": "genome-mqrux4zf-uyw5vq",
        "generation": 1,
        "genes": {
          "nurseFraction": 0.575499717012007,
          "forageSpread": 0.3721045125783109,
          "spiderAttackStorage": 4.921876807786785,
          "layReserve": 22.168573191005994,
          "refuelThreshold": 402.2575963120674,
          "spiderAvoid": 7.5283284205327154
        }
      },
      "fitness": 8033.36875
    },
    {
      "genome": {
        "id": "genome-mqrv6vb1-23k5xx",
        "generation": 2,
        "genes": {
          "nurseFraction": 0.5356806221693315,
          "forageSpread": 0.41490229434386316,
          "spiderAttackStorage": 3.571965215079227,
          "layReserve": 18.07051581848652,
          "refuelThreshold": 452.2164722299611,
          "spiderAvoid": 7.7915172094691645
        }
      },
      "fitness": 5080.721875
    },
    {
      "genome": {
        "id": "genome-mqrv78mx-lfcpv9",
        "generation": 3,
        "genes": {
          "nurseFraction": 0.5511214258722438,
          "forageSpread": 0.48269522154086847,
          "spiderAttackStorage": 6.5429023892698925,
          "layReserve": 19.310605812459848,
          "refuelThreshold": 435.7131380612649,
          "spiderAvoid": 7.850688148586688
        }
      },
      "fitness": 1979.805912596401
    },
    {
      "genome": {
        "id": "genome-mqruzywz-stqf62",
        "generation": 2,
        "genes": {
          "nurseFraction": 0.5510638382297067,
          "forageSpread": 0.421039855184148,
          "spiderAttackStorage": 11.58090562786449,
          "layReserve": 23.155312361831715,
          "refuelThreshold": 383.5867766062375,
          "spiderAvoid": 7.297203439098876
        }
      },
      "fitness": 1927.6572890025575
    },
    {
      "genome": {
        "id": "genome-mqrv5pxe-m772hw",
        "generation": 2,
        "genes": {
          "nurseFraction": 0.5398388556007371,
          "forageSpread": 0.42987433838960093,
          "spiderAttackStorage": 9.073440914331059,
          "layReserve": 25.014575630229757,
          "refuelThreshold": 361.6363813571356,
          "spiderAvoid": 8.178029320975426
        }
      },
      "fitness": 1055.2629934210527
    }
  ],
  "generationsRun": 147
}