{
  "current": {
    "id": "genome-mqsbnpo1-uvgdh2",
    "generation": 5,
    "genes": {
      "nurseFraction": 0.4651027129076566,
      "forageSpread": 0.3309792329447147,
      "spiderAttackStorage": 15.6120783414955,
      "layReserve": 21.10848369106098,
      "refuelThreshold": 446.29542631511436,
      "spiderAvoid": 6.43028872177577
    }
  },
  "best": {
    "id": "genome-mqsbl6rb-kr20lh",
    "generation": 3,
    "genes": {
      "nurseFraction": 0.4866475586701543,
      "forageSpread": 0.37998131984058003,
      "spiderAttackStorage": 14.491589954966553,
      "layReserve": 22.512304163319286,
      "refuelThreshold": 386.4806592165161,
      "spiderAvoid": 8.081977557071573
    }
  },
  "bestFitness": 4736.009375,
  "archive": [
    {
      "genome": {
        "id": "genome-mqsbl6rb-kr20lh",
        "generation": 3,
        "genes": {
          "nurseFraction": 0.4866475586701543,
          "forageSpread": 0.37998131984058003,
          "spiderAttackStorage": 14.491589954966553,
          "layReserve": 22.512304163319286,
          "refuelThreshold": 386.4806592165161,
          "spiderAvoid": 8.081977557071573
        }
      },
      "fitness": 4736.009375
    },
    {
      "genome": {
        "id": "genome-mqsblwq4-9yscct",
        "generation": 4,
        "genes": {
          "nurseFraction": 0.43010532201640994,
          "forageSpread": 0.33743782625532776,
          "spiderAttackStorage": 7.393956789886224,
          "layReserve": 21.01332104972053,
          "refuelThreshold": 421.67907383686776,
          "spiderAvoid": 6.936192685248341
        }
      },
      "fitness": 1969.8625
    },
    {
      "genome": {
        "id": "genome-mqsbkjln-ftgg3v",
        "generation": 2,
        "genes": {
          "nurseFraction": 0.5597171707530949,
          "forageSpread": 0.32662631959301003,
          "spiderAttackStorage": 9.960132804684946,
          "layReserve": 21.9569317788268,
          "refuelThreshold": 401.76068089609424,
          "spiderAvoid": 7.405236311102248
        }
      },
      "fitness": 1909.05625
    },
    {
      "genome": {
        "id": "genome-mqsbmnfu-nexcvu",
        "generation": 4,
        "genes": {
          "nurseFraction": 0.5289972683494212,
          "forageSpread": 0.4464935435788213,
          "spiderAttackStorage": 6.8656151776306675,
          "layReserve": 18.685925874704232,
          "refuelThreshold": 375.11806943510226,
          "spiderAvoid": 6.9479505869716345
        }
      },
      "fitness": 1650.9228070175438
    },
    {
      "genome": {
        "id": "genome-mqsbk195-2r5hfv",
        "generation": 1,
        "genes": {
          "nurseFraction": 0.4993239977645733,
          "forageSpread": 0.380292003831142,
          "spiderAttackStorage": 6.637402786793228,
          "layReserve": 20.21491831704633,
          "refuelThreshold": 410.7391224352025,
          "spiderAvoid": 7.328320474719944
        }
      },
      "fitness": 1201.936274509804
    },
    {
      "genome": {
        "id": "genome-mqsbna7j-rnqn9e",
        "generation": 4,
        "genes": {
          "nurseFraction": 0.4717726914183238,
          "forageSpread": 0.4068062280649311,
          "spiderAttackStorage": 20.395827431795816,
          "layReserve": 20.327946668721943,
          "refuelThreshold": 336.1651149771185,
          "spiderAvoid": 7.141384593308114
        }
      },
      "fitness": 1186.0696517412935
    }
  ],
  "generationsRun": 6
}