{
  "current": {
    "id": "genome-mqs0nxgb-a4m40x",
    "generation": 1,
    "genes": {
      "nurseFraction": 0.5737211415490283,
      "forageSpread": 0.3475996749233781,
      "spiderAttackStorage": 10.776939783349064,
      "layReserve": 18.093897599111504,
      "refuelThreshold": 434.02882662883906,
      "spiderAvoid": 7.29639741483378
    }
  },
  "best": null,
  "bestFitness": 0,
  "archive": [],
  "generationsRun": 0
}