{
  "current": {
    "id": "genome-mqt0feb2-4l025m",
    "generation": 2,
    "genes": {
      "nurseFraction": 0.5894830473718218,
      "digFraction": 0.15841791746105155,
      "queenRearBias": 0.4927056714740795,
      "forageSpread": 0.2824333364110721,
      "spiderAttackStorage": 7.566688630961363,
      "layReserve": 14.053595071217401,
      "refuelThreshold": 402.90730529159026,
      "spiderAvoid": 7.373823792041996
    }
  },
  "best": {
    "id": "genome-mqt0cjlb-kcfd0e",
    "generation": 1,
    "genes": {
      "nurseFraction": 0.5180236222359925,
      "digFraction": 0.12527150597006895,
      "queenRearBias": 0.5465380202837302,
      "forageSpread": 0.31079893313080637,
      "spiderAttackStorage": 1.7268827272921454,
      "layReserve": 18.041957724984137,
      "refuelThreshold": 436.87435802464597,
      "spiderAvoid": 6.76524330489682
    }
  },
  "bestFitness": 6973.475,
  "archive": [
    {
      "genome": {
        "id": "genome-mqt0cjlb-kcfd0e",
        "generation": 1,
        "genes": {
          "nurseFraction": 0.5180236222359925,
          "digFraction": 0.12527150597006895,
          "queenRearBias": 0.5465380202837302,
          "forageSpread": 0.31079893313080637,
          "spiderAttackStorage": 1.7268827272921454,
          "layReserve": 18.041957724984137,
          "refuelThreshold": 436.87435802464597,
          "spiderAvoid": 6.76524330489682
        }
      },
      "fitness": 6973.475
    }
  ],
  "generationsRun": 1
}