{
  "current": {
    "id": "genome-mqv1c9kb-r9wpar",
    "generation": 1,
    "genes": {
      "nurseFraction": 0.529551569152286,
      "digFraction": 0.17648855429796612,
      "queenRearBias": 0.6136135413255788,
      "forageSpread": 0.3501099585145772,
      "spiderAttackStorage": 2.8451331062609024,
      "layReserve": 21.96856647314849,
      "refuelThreshold": 437.4114687003318,
      "spiderAvoid": 7.302063074823392,
      "aggression": 0.288815538274973
    }
  },
  "best": null,
  "bestFitness": 0,
  "archive": [],
  "generationsRun": 0
}